<?xml version="1.0" encoding="UTF-8" ?>
<!DOCTYPE mapper
        PUBLIC "-//mybatis.org//DTD Mapper 3.0//EN"
        "http://mybatis.org/dtd/mybatis-3-mapper.dtd">
<mapper namespace="cn.tedu.egmvc2.mapper.ThingMapper">
    <insert id="insert">
        INSERT INTO mvcdb.product(title, price, num)
        VALUES (#{title}, #{price}, #{num});
    </insert>

    <select id="selectThingById" resultType="cn.tedu.egmvc2.pojo.dto.ThingDTO">
        SELECT title, price
        from mvcdb.product
        WHERE id = #{id};
    </select>


    <delete id="deleteThingById">
        DELETE
        from mvcdb.product
        WHERE id = #{id};
    </delete>

    <update id="updateThingByTd">
        UPDATE mvcdb.product
        <set>
            <if test="title!=null">title=#{title},</if>
            <if test="num!=null">num=#{num},</if>
            <if test="price!=null">price=#{price}</if>
        </set>
        WHERE id = #{id}
    </update>
</mapper>
